year,model,observations,mae_vol_points
2020,rolling_21,127,2.8237125695821415
2020,rolling_63,127,2.485323114410622
2020,rolling_126,127,4.6170553405057175
2020,ewma_094,127,2.7436421335004524
2021,rolling_21,252,1.841312934557899
2021,rolling_63,252,1.7226894725737387
2021,rolling_126,252,1.79413806100696
2021,ewma_094,252,1.6834443870551192
2022,rolling_21,251,2.8349513160965287
2022,rolling_63,251,3.0415390591443834
2022,rolling_126,251,3.0739952533993127
2022,ewma_094,251,2.7732847422488467
2023,rolling_21,250,1.2114390942085158
2023,rolling_63,250,1.788974257150323
2023,rolling_126,250,2.5873920371802903
2023,ewma_094,250,1.4063680557723715
2024,rolling_21,252,1.7881827999328181
2024,rolling_63,252,1.3744669757341652
2024,rolling_126,252,1.2890713671981608
2024,ewma_094,252,1.5970325586735878
2025,rolling_21,250,3.647029215599746
2025,rolling_63,250,4.242933784374716
2025,rolling_126,250,4.534655663146891
2025,ewma_094,250,3.810090353937047
2026,rolling_21,134,3.181133213315536
2026,rolling_63,134,2.3779833501968057
2026,rolling_126,134,2.5383983518801267
2026,ewma_094,134,2.7457532890576126
