date,model,portfolio_return,forecast_revision
2022-05-05,rolling_21,-0.022758701538643046,0.09334250687116907
2022-05-05,rolling_63,-0.022758701538643046,0.04536935451200996
2022-05-05,rolling_126,-0.022758701538643046,0.049756272706906524
2022-05-05,ewma_094,-0.022758701538643046,0.1659348222971373
2022-06-13,rolling_21,-0.03013251788639539,0.3113148083127375
2022-06-13,rolling_63,-0.03013251788639539,0.07808609516684872
2022-06-13,rolling_126,-0.03013251788639539,0.06350176929889506
2022-06-13,ewma_094,-0.03013251788639539,0.3018793458879485
2022-09-13,rolling_21,-0.02252747555694721,0.09794237169258957
2022-09-13,rolling_63,-0.02252747555694721,-0.0489155103547223
2022-09-13,rolling_126,-0.02252747555694721,0.01870495598811117
2022-09-13,ewma_094,-0.02252747555694721,0.2136579411236197
2022-09-28,rolling_21,0.01933503824253117,0.2024452580343714
2022-09-28,rolling_63,0.01933503824253117,0.05320624265893881
2022-09-28,rolling_126,0.01933503824253117,0.018797338253262907
2022-09-28,ewma_094,0.01933503824253117,0.12597331503143416
2022-11-10,rolling_21,0.03903957653186315,0.4346745558574632
2022-11-10,rolling_63,0.03903957653186315,0.1401388298388384
2022-11-10,rolling_126,0.03903957653186315,0.08042499606654441
2022-11-10,ewma_094,0.03903957653186315,0.47069635863069426
2022-11-30,rolling_21,0.01920077889374235,0.04026973618874008
2022-11-30,rolling_63,0.01920077889374235,0.02719619025890241
2022-11-30,rolling_126,0.01920077889374235,0.017581095428616633
2022-11-30,ewma_094,0.01920077889374235,0.08579750892124038
2023-01-06,rolling_21,0.0176148165639944,0.15245876820548876
2023-01-06,rolling_63,0.0176148165639944,0.02530890019594012
2023-01-06,rolling_126,0.0176148165639944,0.01553937594441357
2023-01-06,ewma_094,0.0176148165639944,0.10994711959982673
2024-12-18,rolling_21,-0.01827855043531142,0.5758361753140946
2024-12-18,rolling_63,-0.01827855043531142,0.125381557248037
2024-12-18,rolling_126,-0.01827855043531142,0.06209383740076224
2024-12-18,ewma_094,-0.01827855043531142,0.5053145896126063
2025-04-09,rolling_21,0.04902016034508973,0.6924501247332284
2025-04-09,rolling_63,0.04902016034508973,0.3960845910966573
2025-04-09,rolling_126,0.04902016034508973,0.27014503645576937
2025-04-09,ewma_094,0.04902016034508973,0.6768385399203052
2026-01-30,rolling_21,-0.0202288606771183,0.6098816325614227
2026-01-30,rolling_63,-0.0202288606771183,0.1724352472116819
2026-01-30,rolling_126,-0.0202288606771183,0.10266344342658584
2026-01-30,ewma_094,-0.0202288606771183,0.49918796744983673
2026-03-31,rolling_21,0.01835724196551462,0.1933749756920662
2026-03-31,rolling_63,0.01835724196551462,0.054246953001053644
2026-03-31,rolling_126,0.01835724196551462,0.03740517897063178
2026-03-31,ewma_094,0.01835724196551462,0.14745061002857973
2026-06-05,rolling_21,-0.020430804162452573,0.19777697325469057
2026-06-05,rolling_63,-0.020430804162452573,0.0740799383445705
2026-06-05,rolling_126,-0.020430804162452573,0.047594506796375
2026-06-05,ewma_094,-0.020430804162452573,0.3502914474399057
