date,window,observations,tail_observations,block_length,volatility,vol_ci_low,vol_ci_high,vol_relative_width,es,es_ci_low,es_ci_high,es_relative_width
2020-12-31,63,63,2,10,0.08249741817997144,0.0536998556116056,0.10819277861018047,0.6605409502597567,0.013547369335680487,0.007023283204687869,0.016115636062632,0.6711526520500978
2020-12-31,252,252,7,10,0.13706765506827098,0.08790690522472691,0.1835359195101028,0.6976774661953965,0.02926056566500176,0.015068377432961303,0.03986290991882444,0.8473702378050608
2021-01-29,63,63,2,10,0.07779837151453828,0.05098776353431229,0.10374911999159041,0.6781807309092394,0.010404386989008196,0.007842881757740209,0.010979102608728973,0.3014325451660008
2021-01-29,252,252,7,10,0.13874953086930752,0.09127987643731007,0.18329600320310765,0.6631815343034956,0.02926056566500176,0.01506470991189873,0.03986290991882444,0.8474955778652825
2021-02-26,63,63,2,10,0.0711429055861305,0.05315478034388598,0.08552096019703588,0.4549459933705572,0.013672643807550964,0.008390094543734062,0.01751561624581451,0.6674291988094295
2021-02-26,252,252,7,10,0.13842745183962324,0.09127289726120885,0.18761403189224493,0.6959684177575792,0.02933320828662489,0.015238181911890017,0.03986290991882444,0.8394829425515858
2021-03-31,63,63,2,10,0.09017159080350635,0.06704316096743985,0.11226334204914891,0.5014903328061353,0.014497160041738991,0.00966079279770184,0.01751561624581451,0.5418180819896952
2021-03-31,252,252,7,10,0.09992865518370898,0.08360182852601908,0.11757950542237516,0.340019355147845,0.0165983171813506,0.013753023811215424,0.0183519412987599,0.27707131013930064
2021-04-30,63,63,2,10,0.08824799022508005,0.06233828956692663,0.11078591708649718,0.5489941175544387,0.014497160041738991,0.0053884407328532915,0.01751561624581451,0.8365207722095697
2021-04-30,252,252,7,10,0.08807318577369601,0.0766891834446512,0.09933659042097673,0.25714304277033906,0.016259909090864094,0.012425970811198101,0.01842496422750689,0.368943847273994
2021-05-28,63,63,2,10,0.08616158463954203,0.06660585015317377,0.10300525475682933,0.42245514350662045,0.011781938956937455,0.007846247440741933,0.012085174076211439,0.35978175162531595
2021-05-28,252,252,7,10,0.08791213436075582,0.07560932157517056,0.09930535000891783,0.2695421810202942,0.016259909090864094,0.012769490633428028,0.018319152519784127,0.3413095273376572
2021-06-30,63,63,2,10,0.06695197497074915,0.05159614407842686,0.08177463527562287,0.45074833431546696,0.009783500835491305,0.004544447769538643,0.012085174076211439,0.7707595096550239
2021-06-30,252,252,7,10,0.08467448130988865,0.07260491021456472,0.09647834745986401,0.28194370813950587,0.015090262482991081,0.012038333672957393,0.016844795723695034,0.3185141448768848
2021-07-30,63,63,2,10,0.059324987088586,0.041560975343871286,0.07715408196949954,0.5999682152897811,0.009783500835491305,0.004857729507662149,0.012085174076211439,0.7387380744457558
2021-07-30,252,252,7,10,0.08347760050427369,0.07048771494300943,0.0958138412973824,0.30338828861134287,0.015090262482991081,0.01177574270245676,0.016843742731360876,0.33584571737015767
2021-08-31,63,63,2,10,0.05063925561071055,0.04027158486949079,0.059481267260974156,0.3793436961071834,0.007147712627664948,0.004857729507662149,0.007652212366423476,0.39096183693023523
2021-08-31,252,252,7,10,0.0804597832892482,0.06682438928852844,0.0928227594309642,0.3231225474343269,0.01430048904630692,0.011030593330156567,0.016416704490188668,0.37663824940469826
2021-09-30,63,63,2,10,0.05568741458107818,0.04435920844910275,0.06547939753894683,0.3792632365629778,0.01034119344664955,0.005216119470770109,0.013030174526875622,0.7556241062908647
2021-09-30,252,252,7,10,0.07515282299290191,0.06278751398965988,0.08759759363559923,0.330128379186536,0.01321805619091544,0.010061059703780642,0.015590040195437888,0.418289982414905
2021-10-29,63,63,2,10,0.05944031128094667,0.04761402195099034,0.0692813044318174,0.36452168593828366,0.01034119344664955,0.00552361230835402,0.013030174526875622,0.7258893528341893
2021-10-29,252,252,7,10,0.0718976932059792,0.05968606378562757,0.08397972039900141,0.33789201753351267,0.012321951568293443,0.00923239029466116,0.014574039398909684,0.4335067440123308
2021-11-30,63,63,2,10,0.06163907903423442,0.04918692609961662,0.06987154149304331,0.3355763213453989,0.010977685708075622,0.0059074481029909864,0.013030174526875622,0.6488367961422756
2021-11-30,252,252,7,10,0.06884156066132165,0.058525310324617295,0.0792449229981121,0.300975347950472,0.012157747105516079,0.009307142996311033,0.014595867957867095,0.4350086340549492
2021-12-31,63,63,2,10,0.061666603952697616,0.04973318133877403,0.0694850205816084,0.3203004215699204,0.007608240393451787,0.005593396252294269,0.008925196889275622,0.43792000051009766
2021-12-31,252,252,7,10,0.07000054316606717,0.059704724408525645,0.08064510142909004,0.29914592192357814,0.012157747105516079,0.008806386823897838,0.014574039398909684,0.47440142692185217
2022-01-31,63,63,2,10,0.07591150752890392,0.06680764102056616,0.08429585833444586,0.23037636694569555,0.011008421121698458,0.006295957081127849,0.011228146878192959,0.4480378923134925
2022-01-31,252,252,7,10,0.07097500410026758,0.06015838579640967,0.08143342356162607,0.2997539490827052,0.012492642415492004,0.008962003093026336,0.014510186281026065,0.44411606475820364
2022-02-28,63,63,2,10,0.08779848084180296,0.07582330950725623,0.0990911923793425,0.26501464090262333,0.013469115840743562,0.010196996834343424,0.013842741735003364,0.2706744038559458
2022-02-28,252,252,7,10,0.07287650271343456,0.06297680744713076,0.08277841727117377,0.271714600546997,0.01229748813984467,0.009960212990994028,0.013406409938762428,0.2802358423589364
2022-03-31,63,63,2,10,0.09870738114791222,0.08350850060853005,0.11310619686174454,0.29985291787716045,0.01353904763215303,0.011376689950332457,0.013842741735003364,0.18214366709327737
2022-03-31,252,252,7,10,0.07240639571555561,0.062436455457406406,0.08162046040572299,0.2649490388070116,0.012577473387791683,0.009848133249704023,0.013455701736654715,0.2868277575091016
2022-04-29,63,63,2,10,0.11345755133749706,0.0942015686808089,0.1306848616916467,0.32155896703880554,0.016028999514484905,0.013075842822777331,0.018215257293966444,0.3206322681927081
2022-04-29,252,252,7,10,0.07977618152771028,0.06808777222720415,0.0909115831079116,0.2860980613966788,0.013877903819059406,0.011825578645509673,0.015523156975384646,0.2664363709450741
2022-05-31,63,63,2,10,0.12625679990343586,0.10107568641843886,0.1508657809648417,0.39435574626066455,0.020486979416304743,0.012942910204154667,0.022758701538643046,0.47912340492109806
2022-05-31,252,252,7,10,0.08642549506640941,0.07009044265220045,0.10242113370666167,0.37408742674390577,0.015481005198685754,0.012105171237899401,0.01958078943177887,0.4828897153599629
2022-06-30,63,63,2,10,0.14290410436712606,0.11057355176348783,0.17140877866106474,0.4257066454948621,0.02644560971251922,0.013075842822777331,0.03013251788639539,0.6449718970004882
2022-06-30,252,252,7,10,0.09703390295296344,0.07858290235092212,0.11579823604363863,0.38352918475057535,0.017917673064916907,0.013051328986387806,0.024039123365008908,0.6132377981678536
2022-07-29,63,63,2,10,0.14357364000839384,0.10607342969432064,0.17229565791585902,0.4612422462623834,0.02644560971251922,0.01254137310857661,0.03013251788639539,0.6651820460577703
2022-07-29,252,252,7,10,0.10107544951319718,0.08339175965190457,0.11824564955790971,0.34483042196566593,0.017917673064916907,0.012907570145373356,0.024039123365008908,0.6212610967565488
2022-08-31,63,63,2,10,0.13465633441442768,0.10289007060927632,0.16213431205382328,0.4399662422282547,0.023080555005423165,0.010659412726922963,0.03013251788639539,0.843701772114964
2022-08-31,252,252,7,10,0.10607525123240578,0.08944427904915483,0.12260808812544781,0.31264417185901977,0.01833668766176936,0.013241325825241724,0.02430971911641438,0.6036201027871265
2022-09-30,63,63,2,10,0.12861809323022158,0.11190455635507568,0.14077392710198644,0.22445808378791363,0.019278033840699073,0.0109716573952414,0.02252747555694721,0.5994292912438816
2022-09-30,252,252,7,10,0.11300178031164708,0.0974784058416189,0.12848634259553907,0.27440219674772837,0.019664133665718574,0.014100254250110095,0.02483477287966416,0.5458932903953996
2022-10-31,63,63,2,10,0.1415645602806265,0.12138804281141732,0.16269023137334257,0.2917551432367749,0.019604674168119774,0.013829891973190352,0.02252747555694721,0.44364846409436737
2022-10-31,252,252,7,10,0.11985969571612413,0.10353179032436362,0.13493507487562897,0.2620003693788856,0.020069723814902716,0.01459252331958945,0.025236812798197984,0.5303655185680556
2022-11-30,63,63,2,10,0.16218376038630208,0.13060735076081934,0.19207622169296573,0.37900755775877304,0.019604674168119774,0.013128437180706526,0.02252747555694721,0.4794284411788373
2022-11-30,252,252,7,10,0.12965430265568492,0.11220822326462657,0.14664284095987745,0.265587928745387,0.020069723814902716,0.014639651142271658,0.024859193300574442,0.5092019328494343
2022-12-30,63,63,2,10,0.15202393103847175,0.12126159423402987,0.183311656700666,0.40815983406542417,0.015031395101643096,0.012702126057122825,0.01668187277929234,0.26476229885903835
2022-12-30,252,252,7,10,0.13224943009426116,0.11605469060700228,0.14953640881890268,0.25317098295271445,0.020069723814902716,0.014476794987309013,0.02520378051509858,0.5344859563948894
2023-01-31,63,63,2,10,0.13687557335535921,0.10069931149417681,0.17458252286648493,0.5397837580595259,0.013214886468616932,0.010298570354018308,0.013380917423993851,0.23324809314825248
2023-01-31,252,252,7,10,0.13325522158119527,0.11711388147673203,0.14848979612497315,0.23545729972857463,0.020069723814902716,0.014539520857340706,0.025236812798197984,0.5330064349422704
2023-02-28,63,63,2,10,0.11542954898109184,0.09684896169072202,0.12957103609378096,0.2834809170779922,0.013898360175260157,0.011840893424963573,0.01405098279345035,0.15901799497331043
2023-02-28,252,252,7,10,0.13369688797488322,0.11812055346247052,0.14860436756316583,0.2280069084810868,0.020069723814902716,0.014837549430271983,0.02479944164323062,0.49636419040113855
2023-03-31,63,63,2,10,0.09717160332738885,0.07656875578124764,0.11122233734489698,0.3566225149840855,0.013898360175260157,0.007801785724330266,0.01405098279345035,0.4496355678164103
2023-03-31,252,252,7,10,0.13269984901674187,0.11702767432766602,0.14875577728726752,0.23909675251852455,0.020069723814902716,0.014989983247045858,0.025171555571417453,0.5073100366638478
2023-04-28,63,63,2,10,0.09000608178671428,0.07010449902767629,0.10665919695684936,0.4061358655273546,0.013898360175260157,0.007801785724330266,0.01405098279345035,0.4496355678164103
2023-04-28,252,252,7,10,0.13000581555675578,0.11251856429252384,0.14758330459915484,0.2697167057986188,0.020069723814902716,0.014847049387659276,0.025236812798197984,0.5176834273535852
2023-05-31,63,63,2,10,0.06984976941459098,0.058580873559361285,0.08148727451376968,0.3279381041109558,0.007713075510625998,0.00646661536661817,0.008023501543374,0.20185024438189006
2023-05-31,252,252,7,10,0.12332388551757906,0.10455246085651855,0.14168863503671159,0.30112718249458253,0.01807829944594286,0.013598964012707366,0.023477254620448574,0.5464170254109878
2023-06-30,63,63,2,10,0.06619273551461226,0.05801594818674534,0.07277349603272432,0.22294814878471372,0.007979797741292935,0.005748090283776283,0.00891778075902877,0.3972143878848382
2023-06-30,252,252,7,10,0.1154971945921533,0.09739139292719153,0.1317576244017286,0.29755035692331766,0.01563777624977781,0.012850194247551511,0.01862551309942788,0.3693184222378439
2023-07-31,63,63,2,10,0.07160588994780362,0.061129528627904786,0.07981849356660416,0.2609975932471826,0.008926102592617705,0.006888384458430587,0.00893442442620664,0.22921985788828161
2023-07-31,252,252,7,10,0.11384292551237746,0.09551146158961744,0.13242788507559583,0.32427507743522177,0.01563777624977781,0.012637912168411492,0.018811353140904413,0.39477742064384863
2023-08-31,63,63,2,10,0.07866182230085846,0.06650602508157726,0.08736801679382258,0.26521114184787525,0.00905927132392704,0.008026264671499602,0.009184118221647442,0.12780868446778446
2023-08-31,252,252,7,10,0.11057318305162567,0.09280620882505713,0.12837609065698155,0.3216863334332805,0.015187399794487562,0.011739036061567194,0.01824411800471029,0.42832097865127583
2023-09-29,63,63,2,10,0.07783639460603199,0.06369976575556814,0.08856467087499556,0.319450884708636,0.010792343568560134,0.008156239195349626,0.012400568915472827,0.39327229467449765
2023-09-29,252,252,7,10,0.1042543930387374,0.0863131085770155,0.12317027894564395,0.35353110113003644,0.013740698845705506,0.011252487577058372,0.014995570524208735,0.2724084843996286
2023-10-31,63,63,2,10,0.07870742357970312,0.06160145699644923,0.09139660771175187,0.3785557874998991,0.011719496332187718,0.00820156880704253,0.012400568915472827,0.35829185738108044
2023-10-31,252,252,7,10,0.09769044778582954,0.0809735632558143,0.11729282259432684,0.3717790240672929,0.01286012607901932,0.010689532944110475,0.01368438999529054,0.23287929160088325
2023-11-30,63,63,2,10,0.08496414540028581,0.06680597330503599,0.09730416259107619,0.3589536402956347,0.011719496332187718,0.008796805269874012,0.012400568915472827,0.3075015805671649
2023-11-30,252,252,7,10,0.08842663652965586,0.0790198267078958,0.09715067259854288,0.2050382848675522,0.012457283181491415,0.010283333355136544,0.013584835417600546,0.2650258498874984
2023-12-29,63,63,2,10,0.0866615211531771,0.07421755529197452,0.09613552486582981,0.2529146648039394,0.010799720445100552,0.007349082105768253,0.011038423748902607,0.3416145502921861
2023-12-29,252,252,7,10,0.08369833747467341,0.07574986912118802,0.09124347273781087,0.18511244170544158,0.01147477176140819,0.009322611432532392,0.013284191992318346,0.345242645532131
2024-01-31,63,63,2,10,0.07852939193563828,0.06541655224605149,0.08896950461429153,0.2999253118825082,0.007190837752108889,0.005869321577083364,0.007349082105768253,0.20578416308321146
2024-01-31,252,252,7,10,0.08101706786659506,0.07313161311793209,0.08803556723804587,0.18396067041891764,0.01147477176140819,0.009288413616122688,0.01329763087983806,0.34939407485202634
2024-02-29,63,63,2,10,0.07625325022571415,0.06629360629548324,0.08575115896719042,0.2551701417855851,0.009633163012184965,0.0061642063656,0.011917243918601678,0.5972116890085505
2024-02-29,252,252,7,10,0.07759003140743374,0.07130128575759945,0.08309218126131845,0.15196405117822062,0.010421939590165493,0.008764657129699397,0.011737161241765218,0.28521601822282483
2024-03-28,63,63,2,10,0.06835562667364554,0.05893838030231966,0.07756169184542573,0.27244738215948905,0.009188167536359157,0.005731058637581443,0.011917243918601678,0.6732773707641309
2024-03-28,252,252,7,10,0.07595492336763904,0.06943570335387513,0.08177543031582934,0.16246118638323345,0.010421939590165493,0.008598975727930811,0.011748591471570716,0.3022101324221829
2024-04-30,63,63,2,10,0.07355714893659679,0.05908195898857552,0.08519411202611568,0.35499136950030186,0.011933060889489042,0.008367709822168815,0.011948877860376406,0.3001047318347281
2024-04-30,252,252,7,10,0.07708149971538798,0.07058667089388372,0.08328872548030747,0.16478733072558527,0.011075414366258658,0.009411958268678824,0.012003356598985835,0.2339775510523315
2024-05-31,63,63,2,10,0.06797950650360102,0.054188427004369,0.07891753201707725,0.3637729410612638,0.011213264308943777,0.006467433630228009,0.011948877860376406,0.488835728751739
2024-05-31,252,252,7,10,0.07748507498496157,0.07124849972080496,0.08287675123209427,0.1500708557557199,0.011075414366258658,0.009340774499572484,0.01200787573352508,0.24081277194268622
2024-06-28,63,63,2,10,0.07341246911559701,0.0611814413047817,0.08245782485787327,0.2898197514592415,0.011213264308943777,0.008623067154433301,0.011948877860376406,0.29659612172794453
2024-06-28,252,252,7,10,0.07770915607833946,0.07117403414839259,0.08381277414572653,0.16264158093021489,0.01122295874035032,0.009417500275800291,0.012067883892571036,0.23615729845301153
2024-07-31,63,63,2,10,0.07846588920188945,0.06294919847069146,0.09283879119020313,0.380924667056369,0.011404441038629141,0.006749646541449614,0.01259195323696921,0.5122834758608971
2024-07-31,252,252,7,10,0.07888740915427823,0.07135814203357069,0.08574256868386819,0.18234122282006018,0.011562247939876053,0.009726408988715782,0.012298854945659046,0.22248666265591605
2024-08-30,63,63,2,10,0.08527095480597718,0.06685773514762051,0.10114426014012147,0.4020891412617042,0.012359328336616385,0.008139027955075834,0.01259195323696921,0.36028861444686344
2024-08-30,252,252,7,10,0.0789644820105145,0.07111100726592458,0.08605227075720379,0.1892149876863589,0.01179782689398354,0.009953312399878803,0.012378939834070466,0.2055995104851593
2024-09-30,63,63,2,10,0.0855921118282062,0.06817547351628042,0.10038611508117065,0.37632722077871983,0.012359328336616385,0.008230817998802679,0.01259195323696921,0.3528618319205912
2024-09-30,252,252,7,10,0.0786099263848344,0.07167641756166046,0.08555744401325908,0.17658108956423832,0.011523124299989015,0.009637749485329371,0.012245479090724291,0.22630404198602677
2024-10-31,63,63,2,10,0.07387094752125495,0.0567698706561631,0.08985566753145909,0.44788645584620634,0.011167069953208875,0.0074655440856630124,0.01212670343626356,0.41740218070910867
2024-10-31,252,252,7,10,0.07629268006111566,0.06843157565579458,0.0838948114581182,0.202683085584836,0.011355256360023607,0.009187895786116368,0.012270769766058977,0.2714931202078295
2024-11-29,63,63,2,10,0.06598179001045139,0.05418673851899089,0.07592411911091282,0.32944514825194604,0.009317994283253951,0.006681868890665077,0.010207436470154188,0.37836120868040957
2024-11-29,252,252,7,10,0.07435524943633884,0.06735641214337422,0.08093810627183812,0.1826595194209148,0.011355256360023607,0.009151180270879,0.012240846977821565,0.272091321321445
2024-12-31,63,63,2,10,0.07331554261059378,0.05457480574471635,0.09217312771664432,0.5128288031860679,0.014242993452732805,0.007010744232023442,0.01827855043531142,0.7911122223485979
2024-12-31,252,252,7,10,0.07507750341164404,0.0668512699006163,0.08287550987395882,0.21343597276381024,0.012508272640760357,0.009717263049087006,0.014896137807485684,0.41403596700654133
2025-01-31,63,63,2,10,0.07959837893474879,0.06196995174058803,0.09438377038413084,0.4072170699621184,0.014242993452732805,0.006812577095383798,0.01827855043531142,0.8050255290770806
2025-01-31,252,252,7,10,0.07571065706483031,0.06786025221084462,0.083452579037366,0.20594626213810063,0.012508272640760357,0.009737129907817558,0.014896137807485684,0.4124476694612981
2025-02-28,63,63,2,10,0.07978759465698212,0.0651367062933295,0.0942190141088356,0.36449661053870525,0.014768537271305837,0.006729893395141276,0.01827855043531142,0.7819770386203595
2025-02-28,252,252,7,10,0.07521662327776177,0.06680980961697318,0.08296283652078966,0.2147534175280136,0.012414169810574438,0.009627217786041769,0.014753706256743795,0.41295459534758927
2025-03-31,63,63,2,10,0.07714652907154854,0.0672028907002094,0.0861975941211003,0.24621591728740647,0.011101849627067423,0.006804370775787855,0.011258524107300253,0.4012082203539062
2025-03-31,252,252,7,10,0.07689384985097683,0.06890067734181522,0.08471367573572837,0.205647115140669,0.012518204997223798,0.010167809203748199,0.014896137807485684,0.37771618253464473
2025-04-30,63,63,2,10,0.14754883279992598,0.0743497454615358,0.22514976333260336,1.022034637681954,0.021745168858233674,0.009130123601650506,0.024669232987655724,0.7146005389662187
2025-04-30,252,252,7,10,0.09952071753708955,0.07355109364009359,0.13293447139567124,0.5966936254599104,0.016584855858724972,0.011035784429665725,0.021249937654959063,0.6158722941158316
2025-05-30,63,63,2,10,0.14518697691715063,0.0679326625359517,0.22018524025808875,1.0486655274117205,0.021745168858233674,0.007957571417394504,0.024669232987655724,0.7685229615466266
2025-05-30,252,252,7,10,0.09840692012309302,0.07158588831103851,0.1329603338947174,0.6236801792689803,0.016486233893999808,0.010404074759120308,0.021249937654959063,0.657873894400232
2025-06-30,63,63,2,10,0.1405865327006837,0.05406723815092016,0.2200133267281502,1.1803839627408566,0.021745168858233674,0.005532859020326056,0.024669232987655724,0.8800287591275152
2025-06-30,252,252,7,10,0.0974765082305249,0.06999643937434923,0.1319035947902388,0.6350982050924888,0.016486233893999808,0.010316747202505914,0.021249937654959063,0.663170892924933
2025-07-31,63,63,2,10,0.05092276978704889,0.043186212756042265,0.059151033805806205,0.31351046136190824,0.006260638731591846,0.004130000080425883,0.007957571417394504,0.6113707404412734
2025-07-31,252,252,7,10,0.09493126568937368,0.06660949101362662,0.13035654089944815,0.6715074261667321,0.016250979881123433,0.009678120779648232,0.021249937654959063,0.712068869690267
2025-08-29,63,63,2,10,0.04985606459620313,0.043669728762061044,0.056546528910972164,0.25827951430189244,0.004410787001511485,0.003649037048777115,0.004563706045789187,0.20737092874778
2025-08-29,252,252,7,10,0.09201560854446869,0.06341421863591103,0.12929264466361748,0.7159483816907994,0.015976798885964955,0.008975677430002126,0.021249937654959063,0.7682552877184575
2025-09-30,63,63,2,10,0.04959881747187531,0.04324836987981091,0.05590737150622509,0.2552278919470687,0.004410787001511485,0.0032959418939362455,0.004563706045789187,0.28742357121722395
2025-09-30,252,252,7,10,0.0908966080755722,0.06097440625829559,0.127088291787046,0.7273526144538064,0.015976798885964955,0.008857282993341238,0.021249937654959063,0.7756656856026602
2025-10-31,63,63,2,10,0.06092649411464093,0.04359881945274027,0.07642879525834524,0.5388456415009076,0.008376955984577189,0.0032969398123846028,0.010145474493702048,0.8175445464827892
2025-10-31,252,252,7,10,0.09251506500380072,0.06323520366624645,0.12770959504546162,0.6969069456587035,0.015976798885964955,0.009194714867745968,0.021249937654959063,0.7545455678110322
2025-11-28,63,63,2,10,0.07161519225084072,0.05330338566843242,0.08605098902944706,0.4572717370681946,0.009906538186693459,0.006224934054248158,0.010145474493702048,0.39575282157797476
2025-11-28,252,252,7,10,0.09319487540319976,0.06404798161481226,0.1277902079986436,0.6839670755291638,0.01596794717504322,0.009332736816732948,0.021249937654959063,0.7463201567232051
2025-12-31,63,63,2,10,0.07389991535068709,0.05914927556542221,0.08643224251855952,0.36918806772196994,0.009906538186693459,0.007825404869879813,0.010145474493702048,0.23419579878454116
2025-12-31,252,252,7,10,0.09093236925443549,0.06107881208430324,0.127090407811226,0.7259416670670642,0.01477307713224276,0.008300992733016033,0.0211612259250127,0.8705182459197182
2026-01-30,63,63,2,10,0.07990983436349382,0.05887047024108662,0.09942038363881774,0.5074458446913767,0.014948231278401584,0.006913982989653039,0.0202288606771183,0.890732651875923
2026-01-30,252,252,7,10,0.09262140527383159,0.06317951594601223,0.12819219619185776,0.7019185257839488,0.016246562923872773,0.00931615165437024,0.02172966139640386,0.764069902058678
2026-02-27,63,63,2,10,0.08021296413398128,0.05098782038777554,0.10687945873408235,0.6967905867803353,0.014844342528867478,0.00656299143749141,0.0202288606771183,0.9206112842688159
2026-02-27,252,252,7,10,0.09409147773438593,0.06368844440227597,0.13148454533741816,0.7205339162227437,0.016246562923872773,0.009566513769053878,0.0219307693890191,0.7610382379276746
2026-03-31,63,63,2,10,0.10836938663158723,0.07990088189915773,0.12916279447348236,0.45457406473837053,0.01813168042636959,0.01137575259973637,0.0202288606771183,0.48826737893011396
2026-03-31,252,252,7,10,0.09881609907397579,0.06620456663835346,0.13415730023689745,0.6876686515187486,0.01786603647387659,0.010611735759109401,0.02172966139640386,0.6222939068523059
2026-04-30,63,63,2,10,0.11368469891809545,0.0905030291166736,0.1319039076351663,0.3641728298750222,0.01813168042636959,0.01137575259973637,0.0202288606771183,0.48826737893011396
2026-04-30,252,252,7,10,0.07743410717201385,0.06379942469793111,0.09108842212550704,0.352415730279624,0.013682071794598167,0.009168729670216202,0.017201560538430326,0.5871063234287057
2026-05-29,63,63,2,10,0.1081414457253723,0.08934846800953812,0.12728989113811842,0.3508499712953109,0.01583561517841169,0.010950829892006419,0.016034500175620876,0.3210276472583712
2026-05-29,252,252,7,10,0.07980180133960185,0.06649984562670787,0.0925625483215897,0.32659291215708613,0.013929768268310692,0.009507947931309811,0.017119862172525303,0.546449452323776
2026-06-30,63,63,2,10,0.11127050324674857,0.08886648215380223,0.1350410171329836,0.41497552030286733,0.017040511020356492,0.009455227704817465,0.020430804162452573,0.6440872837982236
2026-06-30,252,252,7,10,0.08747729907702302,0.0723623799706927,0.10116267294321386,0.3292316209621739,0.015696388732197804,0.011241979148289798,0.019060194885488244,0.49809009388006803
2026-07-31,63,63,2,10,0.10724998539217333,0.08548175426930492,0.13188326707684137,0.43264819699381185,0.017040511020356492,0.010621991132572534,0.020430804162452573,0.5756173050304941
2026-07-31,252,252,7,10,0.09063533326110859,0.07681507938926353,0.10460570222944843,0.30662018707564886,0.015696388732197804,0.011391568411768114,0.019060194885488244,0.48855992321275615
2026-08-14,63,63,2,10,0.10645615581766862,0.08383242689850523,0.12972406121831276,0.43108483457178204,0.017040511020356492,0.010621991132572534,0.020430804162452573,0.5756173050304941
2026-08-14,252,252,7,10,0.09156232016081564,0.07781092729656196,0.10510943938593033,0.2981413319520801,0.015696388732197804,0.01150839424231164,0.019060194885488244,0.48111707552742317
