scenario,iteration,assets,debt,equity,leverage,sale,impact_return,cumulative_sale,cumulative_impact
no_feedback,1,225.0,135.0,90.0,2.5,15.0,-0.0,15.0,0.0
lower_feedback,1,222.1875,135.0,87.1875,2.5483870967741935,15.0,-0.0125,15.0,-0.012499999999999956
lower_feedback,2,217.14102056962025,130.78125,86.35977056962025,2.5143769968051117,4.21875,-0.00379746835443038,19.21875,-0.016249999999999987
lower_feedback,3,215.65252746117687,129.53965585443038,86.1128716067465,2.504300732717426,1.2415941455696213,-0.0011435832274459985,20.46034414556962,-0.01737500000000003
lower_feedback,4,215.20823653075178,129.16930741011973,86.03892912063205,2.501289110990865,0.3703484443106504,-0.0003434677521943932,20.83069258988027,-0.01771250000000002
lower_feedback,5,215.07515148825922,129.05839368094806,86.01675780731117,2.5003866336145313,0.11091372917167064,-0.00010307572884722916,20.941606319051942,-0.017813750000000073
lower_feedback,6,215.03524415278358,129.02513671096673,86.01010744181684,2.5001159811159197,0.033256969981323437,-3.0925906364537805e-05,20.974863289033266,-0.0178441250000001
lower_feedback,7,215.02327358744753,129.01516116272526,86.00811242472227,2.5000347935276976,0.009975548241470733,-9.278058841724624e-06,20.984838837274737,-0.01785323750000012
lower_feedback,8,215.01968256500683,129.01216863708342,86.00751392792341,2.500010437985675,0.002992525641843713,-2.783443477458441e-06,20.98783136291658,-0.017855971250000158
lower_feedback,9,215.01860527151854,129.01127089188512,86.00733437963342,2.500003131389165,0.0008977451983014362,-8.350353675459652e-07,20.98872910811488,-0.01785679137500018
lower_feedback,10,215.01828208466404,129.01100156945014,86.00728051521389,2.5000009394161613,0.00026932243497412856,-2.505108194093594e-07,20.988998430549856,-0.01785703741250011
lower_feedback,11,215.01818512871495,129.01092077282084,86.00726435589411,2.5000002818247955,8.079662930526865e-05,-7.515326466375056e-08,20.98907922717916,-0.01785711122375011
lower_feedback,12,215.01815604193987,129.01089653384116,86.00725950809871,2.500000084547434,2.423897967673838e-05,-2.254598108734697e-08,20.989103466158838,-0.017857133367125133
lower_feedback,13,215.0181473159082,129.01088926214808,86.00725805376013,2.5000000253642303,7.271693078791941e-06,-6.763794474522029e-09,20.989110737851917,-0.017857140010137718
lower_feedback,14,215.01814469809872,129.01088708064017,86.00725761745855,2.5000000076092688,2.1815079094267276e-06,-2.0291384114863758e-09,20.989112919359826,-0.01785714200304156
lower_feedback,15,215.0181439127559,129.01088642618782,86.00725748656808,2.5000000022827806,6.544523500906507e-07,-6.087415097079829e-10,20.989113573812176,-0.017857142600912645
lower_feedback,16,215.01814367715303,129.0108862298521,86.00725744730093,2.500000000684834,1.9633571923804993e-07,-1.8262246679769834e-10,20.989113770147895,-0.01785714278027395
lower_feedback,17,215.0181436064722,129.0108861709514,86.00725743552078,2.5000000002054503,5.890069587621838e-08,-5.4786721593743283e-11,20.98911382904859,-0.01785714283408235
lower_feedback,18,215.01814358526792,129.01088615328118,86.00725743198674,2.500000000061635,1.7670231500233058e-08,-1.6436037632780654e-11,20.989113846718823,-0.017857142850224883
stronger_feedback,1,219.375,135.0,84.375,2.6,15.0,-0.025,15.0,-0.025000000000000022
stronger_feedback,2,207.6923076923077,126.5625,81.12980769230771,2.5599999999999996,8.4375,-0.015384615384615385,23.4375,-0.039999999999999925
stronger_feedback,3,200.92303936298083,121.69471153846158,79.22832782451925,2.536,4.867788461538424,-0.009374999999999929,28.305288461538424,-0.04899999999999982
stronger_feedback,4,196.9461272104769,118.8424917367789,78.103635473698,2.5216000000000003,2.852219801682679,-0.005678233438485777,31.157508263221104,-0.05439999999999978
stronger_feedback,5,194.5900537357076,117.155453210547,77.43460052516062,2.5129599999999996,1.6870385262319019,-0.003426395939086345,32.844546789453005,-0.0576399999999998
stronger_feedback,6,193.1871505779889,116.15190078774091,77.03524979024797,2.507776,1.0035524228060808,-0.002062905895835985,33.848099212259086,-0.05958399999999986
stronger_feedback,7,192.3492570080435,115.55287468537196,76.79638232267155,2.5046655999999996,0.5990261023689527,-0.0012403021641486,34.44712531462804,-0.06075039999999987
stronger_feedback,8,191.84790229831248,115.19457348400732,76.65332881430515,2.5027993599999996,0.3583012013646396,-0.0007451054543967518,34.80542651599268,-0.06145023999999988
stronger_feedback,9,191.54758593322944,114.97999322145773,76.56759271177171,2.501679616,0.21458026254958895,-0.0004473966303075422,35.02000677854227,-0.061870143999999905
stronger_feedback,10,191.36757465560027,114.85138906765755,76.51618558794272,2.5010077695999997,0.12860415380018253,-0.0002685581301870585,35.14861093234245,-0.06212208639999994
stronger_feedback,11,191.2596321241181,114.77427838191406,76.48535374220404,2.50060466176,0.07711068574349156,-0.00016117816381853794,35.22572161808594,-0.06227325183999999
stronger_feedback,12,191.19488972126615,114.72803061330606,76.46685910796009,2.500362797056,0.04624776860799784,-9.672248784413705e-05,35.27196938669394,-0.06236395110399995
stronger_feedback,13,191.1560525994719,114.70028866194014,76.45576393753177,2.5002176782336,0.027741951365925388,-5.8039106393207576e-05,35.299711338059865,-0.06241837066239997
stronger_feedback,14,191.13275332116444,114.68364590629764,76.4491074148668,2.5001306069401603,0.016642755642493512,-3.482548507603884e-05,35.31635409370236,-0.06245102239744005
stronger_feedback,15,191.11877483221028,114.67366112230022,76.44511370991006,2.5000783641640965,0.009984783997424529,-2.089601875958305e-05,35.32633887769978,-0.06247061343846405
stronger_feedback,16,191.11038812690995,114.66767056486509,76.44271756204486,2.500047018498458,0.00599055743512622,-1.2537873247430633e-05,35.33232943513491,-0.0624823680630785
stronger_feedback,17,191.10535624343174,114.66407634306731,76.44127990036444,2.5000282110990746,0.003594221797783348,-7.5228182685632904e-06,35.33592365693269,-0.06248942083784714
stronger_feedback,18,191.10233716363663,114.66191985054664,76.44041731309,2.5000169266594443,0.0021564925206689622,-4.513724917101753e-06,35.33808014945336,-0.06249365250270833
stronger_feedback,19,191.10052573386446,114.66062596963499,76.43989976422947,2.500010155995667,0.0012938809116462835,-2.708247174472518e-06,35.33937403036501,-0.062496191501625
stronger_feedback,20,191.09943888251885,114.65984964634421,76.43958923617464,2.5000060935974004,0.0007763232907791462,-1.6249527054892365e-06,35.34015035365579,-0.062497714900975
stronger_feedback,21,191.09878677405783,114.65938385426196,76.43940291979587,2.5000036561584404,0.000465792082252392,-9.749732076162598e-07,35.34061614573804,-0.062498628940585
stronger_feedback,22,191.09839550982588,114.65910437969379,76.43929113013209,2.500002193695064,0.0002794745681740096,-5.849844949658237e-07,35.34089562030621,-0.062499177364351066
stronger_feedback,23,191.09816075159085,114.65893669519815,76.4392240563927,2.5000013162170385,0.00016768449563642207,-3.50990902229318e-07,35.34106330480185,-0.062499506418610684
stronger_feedback,24,191.09801989675933,114.65883608458907,76.43918381217026,2.500000789730223,0.00010061060908128638,-2.1059461521886748e-07,35.34116391541093,-0.06249970385116632
stronger_feedback,25,191.0979353838998,114.65877571825538,76.43915966564441,2.5000004738381336,6.036633368466937e-05,-1.2635679577900865e-07,35.341224281744616,-0.06249982231069984
stronger_feedback,26,191.09788467619828,114.65873949846662,76.43914517773166,2.50000028430288,3.6219788768221406e-05,-7.581408704486289e-08,35.341260501533384,-0.062499893386419925
stronger_feedback,27,191.09785425158253,114.6587177665975,76.43913648498503,2.500000170581728,2.1731869111363267e-05,-4.5488455611502704e-08,35.341282233402495,-0.06249993603185189
stronger_feedback,28,191.09783599681495,114.65870472747756,76.4391312693374,2.500000102349037,1.3039119949098676e-05,-2.729307453537919e-08,35.341295272522444,-0.06249996161911109
stronger_feedback,29,191.09782504395503,114.65869690400609,76.43912813994893,2.500000061409422,7.823471463552778e-06,-1.6375845226595184e-08,35.34130309599391,-0.062499976971466586
stronger_feedback,30,191.0978184722393,114.6586922099234,76.43912626231591,2.500000036845653,4.6940826905483846e-06,-9.825507306467111e-09,35.3413077900766,-0.062499986182879885
stronger_feedback,31,191.09781452920996,114.65868939347385,76.4391251357361,2.500000022107392,2.81644955180127e-06,-5.895304455734359e-09,35.34131060652615,-0.062499991709727865
stronger_feedback,32,191.0978121633924,114.65868770360416,76.43912445978825,2.500000013264435,1.6898696912903688e-06,-3.537182663137294e-09,35.34131229639584,-0.062499995025836586
stronger_feedback,33,191.0978107439019,114.65868668968236,76.43912405421955,2.5000000079586604,1.0139218034055375e-06,-2.12230960036029e-09,35.341313310317645,-0.062499997015501796
stronger_feedback,34,191.09780989220764,114.65868608132931,76.43912381087833,2.5000000047751962,6.083530479372712e-07,-1.2733856982852626e-09,35.34131391867069,-0.062499998209300967
stronger_feedback,35,191.09780938119107,114.65868571631748,76.43912366487359,2.500000002865118,3.650118287623627e-07,-7.64031422376331e-10,35.34131428368252,-0.06249999892558045
stronger_feedback,36,191.09780907458114,114.65868549731039,76.43912357727075,2.5000000017190707,2.1900709157307574e-07,-4.5841884275337314e-10,35.34131450268961,-0.06249999935534811
stronger_feedback,37,191.09780889061514,114.65868536590611,76.43912352470903,2.5000000010314425,1.31404277681213e-07,-2.750513536864861e-10,35.34131463409389,-0.062499999613208734
stronger_feedback,38,191.09780878023557,114.65868528706355,76.43912349317202,2.5000000006188654,7.884256092438591e-08,-1.650308004724755e-10,35.34131471293645,-0.062499999767925085
stronger_feedback,39,191.09780871400784,114.65868523975803,76.43912347424981,2.500000000371319,4.7305519501605886e-08,-9.901844464581532e-11,35.34131476024197,-0.06249999986075494
stronger_feedback,40,191.09780867427122,114.65868521137472,76.4391234628965,2.500000000222791,2.838331170096353e-08,-5.941106680807896e-11,35.34131478862528,-0.06249999991645283
stronger_feedback,41,191.0978086504293,114.65868519434477,76.43912345608453,2.500000000133675,1.7029947230184916e-08,-3.5646556804244035e-11,35.34131480565523,-0.06249999994987154
stronger_feedback,42,191.09780863612414,114.6586851841268,76.43912345199735,2.5000000000802047,1.0217974022452836e-08,-2.1387945983502794e-11,35.341314815873204,-0.062499999969922726
